A,B,Bpop,C,D,E,Epop,F,Total users,Date,Day index,Time index,Time series dates,Year,Temperature,Conditions
0,0,0.0,0,0,0,0.0,0,0.0,2017-07-21,0,0,2017-07-21 00:00:00,2017,15,3
0,0,0.0,0,0,0,0.0,0,0.0,2017-07-21,0,1,2017-07-21 00:15:00,2017,15,3
0,0,0.0,0,0,0,0.0,0,0.0,2017-07-21,0,2,2017-07-21 00:30:00,2017,15,3
0,0,0.0,0,0,0,0.0,0,0.0,2017-07-21,0,3,2017-07-21 00:45:00,2017,15,3
0,0,0.0,0,0,0,0.0,0,0.0,2017-07-21,0,4,2017-07-21 01:00:00,2017,15,3
0,0,0.0,0,0,0,0.0,0,0.0,2017-07-21,0,5,2017-07-21 01:15:00,2017,15,3
0,0,0.0,0,0,0,0.0,0,0.0,2017-07-21,0,6,2017-07-21 01:30:00,2017,15,3
0,0,0.0,0,0,0,0.0,0,0.0,2017-07-21,0,7,2017-07-21 01:45:00,2017,15,3
0,0,0.0,0,0,0,0.0,0,0.0,2017-07-21,0,8,2017-07-21 02:00:00,2017,15,3
0,0,0.0,0,0,0,0.0,0,0.0,2017-07-21,0,9,2017-07-21 02:15:00,2017,15,3
0,0,0.0,0,0,0,0.0,0,0.0,2017-07-21,0,10,2017-07-21 02:30:00,2017,15,3
0,0,0.0,0,0,0,0.0,0,0.0,2017-07-21,0,11,2017-07-21 02:45:00,2017,15,3
0,0,0.0,0,0,0,0.0,0,0.0,2017-07-21,0,12,2017-07-21 03:00:00,2017,15,3
0,0,0.0,0,0,0,0.0,0,0.0,2017-07-21,0,13,2017-07-21 03:15:00,2017,15,3
0,0,0.0,0,0,0,0.0,0,0.0,2017-07-21,0,14,2017-07-21 03:30:00,2017,15,3
0,0,0.0,0,0,0,0.0,0,0.0,2017-07-21,0,15,2017-07-21 03:45:00,2017,15,3
0,0,0.0,0,0,0,0.0,0,0.0,2017-07-21,0,16,2017-07-21 04:00:00,2017,15,3
0,0,0.0,0,0,0,0.0,0,0.0,2017-07-21,0,17,2017-07-21 04:15:00,2017,15,3
0,0,0.0,0,0,0,0.0,0,0.0,2017-07-21,0,18,2017-07-21 04:30:00,2017,15,3
0,0,0.0,1,0,0,0.0,0,1.0,2017-07-21,0,19,2017-07-21 04:45:00,2017,15,3
0,0,0.0,0,0,0,0.0,0,0.0,2017-07-21,0,20,2017-07-21 05:00:00,2017,16,3
0,0,0.0,0,0,0,0.0,0,0.0,2017-07-21,0,21,2017-07-21 05:15:00,2017,16,3
0,0,0.0,0,0,0,0.0,0,0.0,2017-07-21,0,22,2017-07-21 05:30:00,2017,16,3
0,0,0.0,0,0,0,0.0,0,0.0,2017-07-21,0,23,2017-07-21 05:45:00,2017,16,3
0,0,0.0,1,0,0,0.0,0,1.0,2017-07-21,0,24,2017-07-21 06:00:00,2017,15,3
0,0,0.0,0,0,0,0.0,0,0.0,2017-07-21,0,25,2017-07-21 06:15:00,2017,15,3
0,0,0.0,0,0,0,0.0,0,0.0,2017-07-21,0,26,2017-07-21 06:30:00,2017,15,3
0,0,0.0,0,0,0,0.0,0,0.0,2017-07-21,0,27,2017-07-21 06:45:00,2017,15,3
0,0,0.0,0,0,1,0.0,0,1.0,2017-07-21,0,28,2017-07-21 07:00:00,2017,16,3
1,1,0.0,1,0,0,0.0,0,3.0,2017-07-21,0,29,2017-07-21 07:15:00,2017,16,3
1,0,0.0,0,0,0,0.0,2,3.0,2017-07-21,0,30,2017-07-21 07:30:00,2017,17,3
0,0,0.0,0,0,0,0.0,0,0.0,2017-07-21,0,31,2017-07-21 07:45:00,2017,17,3
0,1,0.0,0,0,0,0.0,0,1.0,2017-07-21,0,32,2017-07-21 08:00:00,2017,18,3
0,1,0.0,0,0,0,0.0,0,1.0,2017-07-21,0,33,2017-07-21 08:15:00,2017,18,3
0,0,0.0,0,0,0,0.0,0,0.0,2017-07-21,0,34,2017-07-21 08:30:00,2017,18,3
0,0,0.0,0,0,0,0.0,0,0.0,2017-07-21,0,35,2017-07-21 08:45:00,2017,18,3
0,0,0.0,0,0,0,0.0,1,1.0,2017-07-21,0,36,2017-07-21 09:00:00,2017,19,2
0,0,0.0,0,0,0,0.0,0,0.0,2017-07-21,0,37,2017-07-21 09:15:00,2017,19,2
0,0,0.0,1,0,0,0.0,0,1.0,2017-07-21,0,38,2017-07-21 09:30:00,2017,20,3
0,0,0.0,1,0,0,0.0,0,1.0,2017-07-21,0,39,2017-07-21 09:45:00,2017,20,3
0,1,0.0,0,0,0,0.0,0,1.0,2017-07-21,0,40,2017-07-21 10:00:00,2017,21,3
1,0,0.0,0,0,0,0.0,0,1.0,2017-07-21,0,41,2017-07-21 10:15:00,2017,21,3
0,0,0.0,0,0,0,0.0,0,0.0,2017-07-21,0,42,2017-07-21 10:30:00,2017,22,2
1,0,0.0,0,0,0,0.0,0,1.0,2017-07-21,0,43,2017-07-21 10:45:00,2017,22,2
0,0,0.0,2,0,0,0.0,0,2.0,2017-07-21,0,44,2017-07-21 11:00:00,2017,22,2
1,0,0.0,2,0,0,0.0,0,3.0,2017-07-21,0,45,2017-07-21 11:15:00,2017,22,2
0,0,0.0,2,0,0,0.0,0,2.0,2017-07-21,0,46,2017-07-21 11:30:00,2017,23,3
1,0,0.0,1,0,0,0.0,0,2.0,2017-07-21,0,47,2017-07-21 11:45:00,2017,23,3
2,0,0.0,0,0,3,0.0,1,6.0,2017-07-21,0,48,2017-07-21 12:00:00,2017,24,2
1,0,0.0,0,0,1,0.0,0,2.0,2017-07-21,0,49,2017-07-21 12:15:00,2017,24,2
1,0,0.0,0,1,0,0.0,0,2.0,2017-07-21,0,50,2017-07-21 12:30:00,2017,25,2
0,0,0.0,1,0,0,0.0,0,1.0,2017-07-21,0,51,2017-07-21 12:45:00,2017,25,2
0,0,0.0,1,0,0,0.0,0,1.0,2017-07-21,0,52,2017-07-21 13:00:00,2017,26,2
0,1,0.0,0,0,0,0.0,0,1.0,2017-07-21,0,53,2017-07-21 13:15:00,2017,26,2
1,0,0.0,2,0,2,0.0,1,6.0,2017-07-21,0,54,2017-07-21 13:30:00,2017,26,2
0,0,0.0,2,0,0,0.0,1,3.0,2017-07-21,0,55,2017-07-21 13:45:00,2017,26,2
2,0,0.0,1,0,1,0.0,2,6.0,2017-07-21,0,56,2017-07-21 14:00:00,2017,26,2
7,0,0.0,1,0,1,0.0,5,14.0,2017-07-21,0,57,2017-07-21 14:15:00,2017,26,2
8,1,0.0,3,0,1,0.0,4,17.0,2017-07-21,0,58,2017-07-21 14:30:00,2017,27,2
10,0,0.0,1,2,4,0.0,4,21.0,2017-07-21,0,59,2017-07-21 14:45:00,2017,27,2
5,2,0.0,5,10,8,0.0,4,34.0,2017-07-21,0,60,2017-07-21 15:00:00,2017,27,2
11,8,0.0,5,9,9,0.0,7,49.0,2017-07-21,0,61,2017-07-21 15:15:00,2017,27,2
5,9,0.0,0,6,27,0.0,6,53.0,2017-07-21,0,62,2017-07-21 15:30:00,2017,28,2
5,5,0.0,5,5,19,0.0,7,46.0,2017-07-21,0,63,2017-07-21 15:45:00,2017,28,2
7,9,0.0,5,3,24,0.0,10,58.0,2017-07-21,0,64,2017-07-21 16:00:00,2017,28,3
8,6,0.0,6,9,22,0.0,12,63.0,2017-07-21,0,65,2017-07-21 16:15:00,2017,28,3
6,7,0.0,7,3,24,0.0,11,58.0,2017-07-21,0,66,2017-07-21 16:30:00,2017,28,3
9,7,0.0,6,7,19,0.0,4,52.0,2017-07-21,0,67,2017-07-21 16:45:00,2017,28,3
6,14,0.0,7,10,24,0.0,4,65.0,2017-07-21,0,68,2017-07-21 17:00:00,2017,29,2
8,5,0.0,7,11,22,0.8804284883178531,9,62.0,2017-07-21,0,69,2017-07-21 17:15:00,2017,29,2
7,4,0.0,6,1,26,0.8804284883178531,11,55.0,2017-07-21,0,70,2017-07-21 17:30:00,2017,29,3
6,4,0.5700661125189511,6,4,30,0.8804284883178531,5,55.0,2017-07-21,0,71,2017-07-21 17:45:00,2017,29,3
3,6,0.5700661125189511,8,11,26,0.8804284883178531,7,61.0,2017-07-21,0,72,2017-07-21 18:00:00,2017,29,3
11,4,0.5700661125189511,9,11,28,0.8804284883178531,8,71.0,2017-07-21,0,73,2017-07-21 18:15:00,2017,29,3
8,1,0.5700661125189511,8,16,32,0.8804284883178531,5,70.0,2017-07-21,0,74,2017-07-21 18:30:00,2017,29,3
6,3,0.5700661125189511,8,10,34,0.8804284883178531,7,68.0,2017-07-21,0,75,2017-07-21 18:45:00,2017,29,3
7,4,0.5700661125189511,9,8,28,0.8183592092385709,4,60.0,2017-07-21,0,76,2017-07-21 19:00:00,2017,28,3
5,4,0.5700661125189511,7,6,27,0.8183592092385709,6,55.0,2017-07-21,0,77,2017-07-21 19:15:00,2017,28,3
2,6,0.5700661125189511,9,5,27,0.8183592092385709,5,54.0,2017-07-21,0,78,2017-07-21 19:30:00,2017,28,1
1,4,0.5752592768889914,5,7,34,0.8183592092385709,3,54.0,2017-07-21,0,79,2017-07-21 19:45:00,2017,28,1
3,4,0.5752592768889914,5,5,33,0.8183592092385709,5,55.0,2017-07-21,0,80,2017-07-21 20:00:00,2017,27,2
4,2,0.5752592768889914,4,11,26,0.8183592092385709,7,54.0,2017-07-21,0,81,2017-07-21 20:15:00,2017,27,2
5,9,0.5752592768889914,8,6,26,0.8183592092385709,9,63.0,2017-07-21,0,82,2017-07-21 20:30:00,2017,27,0
7,6,0.5752592768889914,6,3,21,0.8638698787801952,4,47.0,2017-07-21,0,83,2017-07-21 20:45:00,2017,27,0
3,6,0.9392640833542918,6,4,17,0.8638698787801952,8,44.0,2017-07-21,0,84,2017-07-21 21:00:00,2017,25,0
4,3,0.9392640833542918,6,3,3,0.8638698787801952,4,23.0,2017-07-21,0,85,2017-07-21 21:15:00,2017,25,0
0,4,0.9392640833542918,4,1,7,0.8638698787801952,4,20.0,2017-07-21,0,86,2017-07-21 21:30:00,2017,19,1
3,1,0.9392640833542918,3,1,11,0.8638698787801952,4,23.0,2017-07-21,0,87,2017-07-21 21:45:00,2017,19,1
0,1,0.9392640833542918,4,1,9,0.8638698787801952,1,16.0,2017-07-21,0,88,2017-07-21 22:00:00,2017,18,0
5,0,0.9999999999999999,3,2,5,0.8638698787801952,0,15.0,2017-07-21,0,89,2017-07-21 22:15:00,2017,18,0
1,1,0.9999999999999999,0,2,2,0.8638698787801952,0,6.0,2017-07-21,0,90,2017-07-21 22:30:00,2017,18,0
0,0,0.9999999999999999,0,1,1,0.927472222440844,1,3.0,2017-07-21,0,91,2017-07-21 22:45:00,2017,18,0
0,0,0.9999999999999999,0,1,0,0.927472222440844,0,1.0,2017-07-21,0,92,2017-07-21 23:00:00,2017,18,0
1,0,0.9999999999999999,0,1,0,0.927472222440844,0,2.0,2017-07-21,0,93,2017-07-21 23:15:00,2017,18,0
0,0,0.0,0,1,0,0.0,0,1.0,2017-07-21,0,94,2017-07-21 23:30:00,2017,18,0
0,0,0.0,0,1,0,0.0,1,2.0,2017-07-21,0,95,2017-07-21 23:45:00,2017,18,0
0,0,0.0,0,0,0,0.0,0,0.0,2017-07-22,1,0,2017-07-22 00:00:00,2017,18,0
0,0,0.0,0,0,0,0.0,0,0.0,2017-07-22,1,1,2017-07-22 00:15:00,2017,18,0
0,0,0.0,0,0,0,0.0,0,0.0,2017-07-22,1,2,2017-07-22 00:30:00,2017,18,0
0,0,0.0,0,0,0,0.0,0,0.0,2017-07-22,1,3,2017-07-22 00:45:00,2017,18,0
0,0,0.0,0,0,0,0.0,0,0.0,2017-07-22,1,4,2017-07-22 01:00:00,2017,18,0
0,0,0.0,0,0,0,0.0,0,0.0,2017-07-22,1,5,2017-07-22 01:15:00,2017,18,0
0,0,0.0,0,0,0,0.0,0,0.0,2017-07-22,1,6,2017-07-22 01:30:00,2017,18,0
0,0,0.0,0,0,0,0.0,0,0.0,2017-07-22,1,7,2017-07-22 01:45:00,2017,18,0
0,0,0.0,0,0,0,0.0,0,0.0,2017-07-22,1,8,2017-07-22 02:00:00,2017,18,0
0,0,0.0,0,0,0,0.0,0,0.0,2017-07-22,1,9,2017-07-22 02:15:00,2017,18,0
0,0,0.0,0,0,0,0.0,0,0.0,2017-07-22,1,10,2017-07-22 02:30:00,2017,17,3
0,0,0.0,0,0,0,0.0,0,0.0,2017-07-22,1,11,2017-07-22 02:45:00,2017,17,3
0,0,0.0,0,0,0,0.0,0,0.0,2017-07-22,1,12,2017-07-22 03:00:00,2017,17,3
0,0,0.0,0,0,0,0.0,0,0.0,2017-07-22,1,13,2017-07-22 03:15:00,2017,17,3
0,0,0.0,0,0,0,0.0,0,0.0,2017-07-22,1,14,2017-07-22 03:30:00,2017,17,3
0,0,0.0,0,0,0,0.0,0,0.0,2017-07-22,1,15,2017-07-22 03:45:00,2017,17,3
0,0,0.0,0,0,0,0.0,0,0.0,2017-07-22,1,16,2017-07-22 04:00:00,2017,17,3
0,0,0.0,0,0,0,0.0,0,0.0,2017-07-22,1,17,2017-07-22 04:15:00,2017,17,3
0,0,0.0,1,0,0,0.0,0,1.0,2017-07-22,1,18,2017-07-22 04:30:00,2017,17,3
0,0,0.0,0,0,0,0.0,0,0.0,2017-07-22,1,19,2017-07-22 04:45:00,2017,17,3
0,0,0.0,0,0,0,0.0,0,0.0,2017-07-22,1,20,2017-07-22 05:00:00,2017,17,3
0,0,0.0,0,0,0,0.0,0,0.0,2017-07-22,1,21,2017-07-22 05:15:00,2017,17,3
0,0,0.0,0,0,0,0.0,0,0.0,2017-07-22,1,22,2017-07-22 05:30:00,2017,17,1
0,0,0.0,0,0,0,0.0,0,0.0,2017-07-22,1,23,2017-07-22 05:45:00,2017,17,1
0,0,0.0,0,0,0,0.0,0,0.0,2017-07-22,1,24,2017-07-22 06:00:00,2017,17,1
0,0,0.0,0,0,0,0.0,0,0.0,2017-07-22,1,25,2017-07-22 06:15:00,2017,17,1
0,0,0.0,0,0,0,0.0,0,0.0,2017-07-22,1,26,2017-07-22 06:30:00,2017,17,3
0,0,0.0,0,0,0,0.0,0,0.0,2017-07-22,1,27,2017-07-22 06:45:00,2017,17,3
0,0,0.0,0,0,0,0.0,0,0.0,2017-07-22,1,28,2017-07-22 07:00:00,2017,17,3
0,0,0.0,0,0,0,0.0,0,0.0,2017-07-22,1,29,2017-07-22 07:15:00,2017,17,3
0,0,0.0,1,0,1,0.0,1,3.0,2017-07-22,1,30,2017-07-22 07:30:00,2017,18,2
1,0,0.0,0,0,0,0.0,0,1.0,2017-07-22,1,31,2017-07-22 07:45:00,2017,18,2
1,0,0.0,1,0,0,0.0,0,2.0,2017-07-22,1,32,2017-07-22 08:00:00,2017,18,2
1,0,0.0,2,0,0,0.0,0,3.0,2017-07-22,1,33,2017-07-22 08:15:00,2017,18,2
1,0,0.0,3,0,0,0.0,2,6.0,2017-07-22,1,34,2017-07-22 08:30:00,2017,20,3
1,0,0.0,3,0,1,0.0,0,5.0,2017-07-22,1,35,2017-07-22 08:45:00,2017,20,3
1,0,0.0,2,0,0,0.0,0,3.0,2017-07-22,1,36,2017-07-22 09:00:00,2017,21,3
2,0,0.0,0,1,1,0.0,3,7.0,2017-07-22,1,37,2017-07-22 09:15:00,2017,21,3
1,0,0.0,0,1,0,0.0,1,3.0,2017-07-22,1,38,2017-07-22 09:30:00,2017,21,3
1,0,0.0,0,0,1,0.0,1,3.0,2017-07-22,1,39,2017-07-22 09:45:00,2017,21,3
1,0,0.0,0,0,1,0.0,3,5.0,2017-07-22,1,40,2017-07-22 10:00:00,2017,22,3
1,0,0.0,0,2,2,0.0,0,5.0,2017-07-22,1,41,2017-07-22 10:15:00,2017,22,3
1,1,0.0,0,3,0,0.0,1,6.0,2017-07-22,1,42,2017-07-22 10:30:00,2017,23,2
1,1,0.0,0,2,3,0.0,0,7.0,2017-07-22,1,43,2017-07-22 10:45:00,2017,23,2
2,3,0.0,0,1,2,0.0,2,10.0,2017-07-22,1,44,2017-07-22 11:00:00,2017,23,2
1,1,0.0,0,0,1,0.0,4,7.0,2017-07-22,1,45,2017-07-22 11:15:00,2017,23,2
0,1,0.0,1,3,4,0.0,2,11.0,2017-07-22,1,46,2017-07-22 11:30:00,2017,24,2
3,3,0.0,0,3,1,0.0,4,14.0,2017-07-22,1,47,2017-07-22 11:45:00,2017,24,2
1,4,0.0,1,0,7,0.0,1,14.0,2017-07-22,1,48,2017-07-22 12:00:00,2017,25,2
1,2,0.0,2,4,1,0.0,2,12.0,2017-07-22,1,49,2017-07-22 12:15:00,2017,25,2
0,4,0.0,2,3,1,0.0,3,13.0,2017-07-22,1,50,2017-07-22 12:30:00,2017,25,2
3,1,0.7839122560219141,0,0,3,0.48323219975226767,5,12.0,2017-07-22,1,51,2017-07-22 12:45:00,2017,25,2
6,6,0.7839122560219141,3,3,6,0.48323219975226767,2,26.0,2017-07-22,1,52,2017-07-22 13:00:00,2017,26,2
0,5,0.7839122560219141,2,1,6,0.48323219975226767,7,21.0,2017-07-22,1,53,2017-07-22 13:15:00,2017,26,2
2,3,0.7839122560219141,1,9,7,0.48323219975226767,6,28.0,2017-07-22,1,54,2017-07-22 13:30:00,2017,27,1
3,6,0.7839122560219141,3,5,4,0.45303018726775096,8,29.0,2017-07-22,1,55,2017-07-22 13:45:00,2017,27,1
4,5,0.7839122560219141,2,7,5,0.45303018726775096,2,25.0,2017-07-22,1,56,2017-07-22 14:00:00,2017,26,1
2,6,0.7839122560219141,2,10,8,0.45303018726775096,5,33.0,2017-07-22,1,57,2017-07-22 14:15:00,2017,26,1
2,10,0.5752592768889914,1,6,10,0.45303018726775096,6,35.0,2017-07-22,1,58,2017-07-22 14:30:00,2017,26,1
7,11,0.5752592768889914,0,5,9,0.45303018726775096,11,43.0,2017-07-22,1,59,2017-07-22 14:45:00,2017,26,1
3,9,0.5752592768889914,1,8,8,0.45303018726775096,12,41.0,2017-07-22,1,60,2017-07-22 15:00:00,2017,27,1
2,10,0.5752592768889914,0,11,7,0.45303018726775096,8,38.0,2017-07-22,1,61,2017-07-22 15:15:00,2017,27,1
8,10,0.5752592768889914,1,10,7,0.45303018726775096,11,47.0,2017-07-22,1,62,2017-07-22 15:30:00,2017,27,2
5,11,0.7639312224802616,3,7,8,0.8480894349756523,6,40.0,2017-07-22,1,63,2017-07-22 15:45:00,2017,27,2
8,8,0.7639312224802616,3,9,13,0.8480894349756523,6,47.0,2017-07-22,1,64,2017-07-22 16:00:00,2017,28,2
12,6,0.7639312224802616,2,8,8,0.8480894349756523,5,41.0,2017-07-22,1,65,2017-07-22 16:15:00,2017,28,2
7,5,0.7639312224802616,4,5,15,0.8480894349756523,5,41.0,2017-07-22,1,66,2017-07-22 16:30:00,2017,28,2
7,7,0.7639312224802616,1,8,11,0.8480894349756523,10,44.0,2017-07-22,1,67,2017-07-22 16:45:00,2017,28,2
1,6,0.7670123691853219,1,10,13,0.8480894349756523,7,38.0,2017-07-22,1,68,2017-07-22 17:00:00,2017,28,2
7,7,0.7670123691853219,4,11,11,0.8748765091174405,11,51.0,2017-07-22,1,69,2017-07-22 17:15:00,2017,28,2
0,10,0.7670123691853219,3,17,10,0.8748765091174405,6,46.0,2017-07-22,1,70,2017-07-22 17:30:00,2017,29,2
4,7,0.7670123691853219,3,9,13,0.8748765091174405,7,43.0,2017-07-22,1,71,2017-07-22 17:45:00,2017,29,2
5,3,0.7670123691853219,5,5,19,0.8748765091174405,7,44.0,2017-07-22,1,72,2017-07-22 18:00:00,2017,29,2
4,6,0.6080705200202146,3,11,13,0.8748765091174405,1,38.0,2017-07-22,1,73,2017-07-22 18:15:00,2017,29,2
2,7,0.6080705200202146,1,6,23,0.8748765091174405,2,41.0,2017-07-22,1,74,2017-07-22 18:30:00,2017,29,2
4,1,0.5752592768889914,3,12,16,0.9062833367737335,6,42.0,2017-07-22,1,75,2017-07-22 18:45:00,2017,29,2
3,3,0.5752592768889914,3,3,24,0.9062833367737335,4,40.0,2017-07-22,1,76,2017-07-22 19:00:00,2017,29,2
2,4,0.5752592768889914,2,4,12,0.9062833367737335,8,32.0,2017-07-22,1,77,2017-07-22 19:15:00,2017,29,2
0,4,0.5752592768889914,3,7,9,0.9062833367737335,8,31.0,2017-07-22,1,78,2017-07-22 19:30:00,2017,28,3
0,5,0.5752592768889914,2,4,8,0.9062833367737335,9,28.0,2017-07-22,1,79,2017-07-22 19:45:00,2017,28,3
0,6,0.8228852290516082,3,9,14,0.9062833367737335,6,38.0,2017-07-22,1,80,2017-07-22 20:00:00,2017,28,3
2,5,0.8228852290516082,5,12,18,0.9062833367737335,8,50.0,2017-07-22,1,81,2017-07-22 20:15:00,2017,28,3
0,3,0.8228852290516082,5,6,10,0.9062833367737335,8,32.0,2017-07-22,1,82,2017-07-22 20:30:00,2017,27,3
0,4,0.8228852290516082,6,11,9,0.7550503121129183,3,33.0,2017-07-22,1,83,2017-07-22 20:45:00,2017,27,3
2,4,0.8228852290516082,4,7,11,0.7550503121129183,6,34.0,2017-07-22,1,84,2017-07-22 21:00:00,2017,26,3
4,5,0.8228852290516082,3,9,9,0.7550503121129183,3,33.0,2017-07-22,1,85,2017-07-22 21:15:00,2017,26,3
1,7,0.8228852290516082,5,4,8,0.7550503121129183,6,31.0,2017-07-22,1,86,2017-07-22 21:30:00,2017,25,3
1,4,0.8228852290516082,2,8,8,0.7550503121129183,4,27.0,2017-07-22,1,87,2017-07-22 21:45:00,2017,25,3
5,2,0.8429081508122938,3,2,8,0.7550503121129183,7,27.0,2017-07-22,1,88,2017-07-22 22:00:00,2017,24,3
2,0,0.8429081508122938,1,5,5,0.7550503121129183,6,19.0,2017-07-22,1,89,2017-07-22 22:15:00,2017,24,3
2,2,0.8429081508122938,1,4,0,0.7550503121129183,1,10.0,2017-07-22,1,90,2017-07-22 22:30:00,2017,22,2
2,2,0.8429081508122938,0,2,1,0.6671131545326969,0,7.0,2017-07-22,1,91,2017-07-22 22:45:00,2017,22,2
2,3,0.8429081508122938,0,0,1,0.6671131545326969,1,7.0,2017-07-22,1,92,2017-07-22 23:00:00,2017,23,3
0,0,0.8429081508122938,0,1,0,0.6671131545326969,0,1.0,2017-07-22,1,93,2017-07-22 23:15:00,2017,23,3
0,0,0.0,0,0,0,0.0,0,0.0,2017-07-22,1,94,2017-07-22 23:30:00,2017,23,3
1,0,0.0,0,0,0,0.0,0,1.0,2017-07-22,1,95,2017-07-22 23:45:00,2017,23,3
0,0,0.0,0,0,0,0.0,0,0.0,2017-07-23,2,0,2017-07-23 00:00:00,2017,22,3
0,0,0.0,0,0,0,0.0,0,0.0,2017-07-23,2,1,2017-07-23 00:15:00,2017,22,3
0,0,0.0,0,0,0,0.0,0,0.0,2017-07-23,2,2,2017-07-23 00:30:00,2017,21,3
0,0,0.0,0,0,0,0.0,0,0.0,2017-07-23,2,3,2017-07-23 00:45:00,2017,21,3
0,0,0.0,0,0,0,0.0,0,0.0,2017-07-23,2,4,2017-07-23 01:00:00,2017,21,3
0,0,0.0,0,0,0,0.0,0,0.0,2017-07-23,2,5,2017-07-23 01:15:00,2017,21,3
0,0,0.0,0,0,0,0.0,0,0.0,2017-07-23,2,6,2017-07-23 01:30:00,2017,21,2
0,0,0.0,0,0,0,0.0,0,0.0,2017-07-23,2,7,2017-07-23 01:45:00,2017,21,2
0,0,0.0,0,0,0,0.0,0,0.0,2017-07-23,2,8,2017-07-23 02:00:00,2017,21,2
0,0,0.0,0,0,0,0.0,0,0.0,2017-07-23,2,9,2017-07-23 02:15:00,2017,21,2
0,0,0.0,0,0,0,0.0,0,0.0,2017-07-23,2,10,2017-07-23 02:30:00,2017,20,2
0,0,0.0,0,0,0,0.0,0,0.0,2017-07-23,2,11,2017-07-23 02:45:00,2017,20,2
0,0,0.0,0,0,0,0.0,0,0.0,2017-07-23,2,12,2017-07-23 03:00:00,2017,20,2
0,0,0.0,0,0,0,0.0,0,0.0,2017-07-23,2,13,2017-07-23 03:15:00,2017,20,2
0,0,0.0,0,0,0,0.0,0,0.0,2017-07-23,2,14,2017-07-23 03:30:00,2017,20,2
0,0,0.0,0,0,0,0.0,0,0.0,2017-07-23,2,15,2017-07-23 03:45:00,2017,20,2
0,0,0.0,0,0,0,0.0,0,0.0,2017-07-23,2,16,2017-07-23 04:00:00,2017,20,2
0,0,0.0,0,0,0,0.0,0,0.0,2017-07-23,2,17,2017-07-23 04:15:00,2017,20,2
0,0,0.0,0,0,0,0.0,0,0.0,2017-07-23,2,18,2017-07-23 04:30:00,2017,18,2
0,0,0.0,0,0,0,0.0,0,0.0,2017-07-23,2,19,2017-07-23 04:45:00,2017,18,2
0,0,0.0,0,0,0,0.0,0,0.0,2017-07-23,2,20,2017-07-23 05:00:00,2017,18,2
0,0,0.0,0,0,0,0.0,0,0.0,2017-07-23,2,21,2017-07-23 05:15:00,2017,18,2
0,0,0.0,0,0,0,0.0,0,0.0,2017-07-23,2,22,2017-07-23 05:30:00,2017,18,2
0,0,0.0,0,0,0,0.0,0,0.0,2017-07-23,2,23,2017-07-23 05:45:00,2017,18,2
0,0,0.0,0,0,0,0.0,0,0.0,2017-07-23,2,24,2017-07-23 06:00:00,2017,18,2
0,1,0.0,0,2,0,0.0,0,3.0,2017-07-23,2,25,2017-07-23 06:15:00,2017,18,2
0,0,0.0,0,0,0,0.0,0,0.0,2017-07-23,2,26,2017-07-23 06:30:00,2017,18,2
3,0,0.0,1,0,0,0.0,0,4.0,2017-07-23,2,27,2017-07-23 06:45:00,2017,18,2
2,2,0.0,0,0,1,0.0,1,6.0,2017-07-23,2,28,2017-07-23 07:00:00,2017,18,2
4,0,0.0,1,0,3,0.0,3,11.0,2017-07-23,2,29,2017-07-23 07:15:00,2017,18,2
2,1,0.0,1,1,3,0.0,2,10.0,2017-07-23,2,30,2017-07-23 07:30:00,2017,18,1
0,0,0.0,0,1,9,0.0,3,13.0,2017-07-23,2,31,2017-07-23 07:45:00,2017,18,1
3,2,0.0,2,3,7,0.0,1,18.0,2017-07-23,2,32,2017-07-23 08:00:00,2017,19,2
5,0,0.0,1,4,8,0.0,3,21.0,2017-07-23,2,33,2017-07-23 08:15:00,2017,19,2
8,0,0.0,2,1,9,0.0,2,22.0,2017-07-23,2,34,2017-07-23 08:30:00,2017,19,2
1,1,0.0,3,3,16,0.0,0,24.0,2017-07-23,2,35,2017-07-23 08:45:00,2017,19,2
0,1,0.0,2,2,10,0.0,2,17.0,2017-07-23,2,36,2017-07-23 09:00:00,2017,19,2
2,1,0.0,0,4,12,0.0,1,20.0,2017-07-23,2,37,2017-07-23 09:15:00,2017,19,2
1,1,0.0,3,4,13,0.0,1,23.0,2017-07-23,2,38,2017-07-23 09:30:00,2017,19,2
3,0,0.0,1,5,13,0.0,2,24.0,2017-07-23,2,39,2017-07-23 09:45:00,2017,19,2
1,2,0.0,1,4,11,0.0,5,24.0,2017-07-23,2,40,2017-07-23 10:00:00,2017,19,2
1,2,0.0,2,3,7,0.0,5,20.0,2017-07-23,2,41,2017-07-23 10:15:00,2017,19,2
3,4,0.0,2,5,6,0.0,4,24.0,2017-07-23,2,42,2017-07-23 10:30:00,2017,19,2
2,2,0.0,4,8,8,0.0,3,27.0,2017-07-23,2,43,2017-07-23 10:45:00,2017,19,2
1,2,0.0,4,4,8,0.0,4,23.0,2017-07-23,2,44,2017-07-23 11:00:00,2017,20,1
1,5,0.0,3,3,5,0.0,8,25.0,2017-07-23,2,45,2017-07-23 11:15:00,2017,20,1
1,4,0.0,4,2,2,0.0,7,20.0,2017-07-23,2,46,2017-07-23 11:30:00,2017,21,1
0,7,0.0,2,6,1,0.0,5,21.0,2017-07-23,2,47,2017-07-23 11:45:00,2017,21,1
0,6,0.0,3,3,0,0.0,7,19.0,2017-07-23,2,48,2017-07-23 12:00:00,2017,21,1
3,5,0.0,1,5,1,0.0,5,20.0,2017-07-23,2,49,2017-07-23 12:15:00,2017,21,1
1,4,0.0,3,8,2,0.0,10,28.0,2017-07-23,2,50,2017-07-23 12:30:00,2017,21,1
0,7,0.0,1,3,4,0.0,7,22.0,2017-07-23,2,51,2017-07-23 12:45:00,2017,21,1
1,12,0.0,3,7,4,0.0,8,35.0,2017-07-23,2,52,2017-07-23 13:00:00,2017,22,1
4,5,0.0,4,5,7,0.0,5,30.0,2017-07-23,2,53,2017-07-23 13:15:00,2017,22,1
3,12,0.0,1,7,8,0.0,5,36.0,2017-07-23,2,54,2017-07-23 13:30:00,2017,22,1
1,3,0.0,5,10,11,0.0,10,40.0,2017-07-23,2,55,2017-07-23 13:45:00,2017,22,1
5,8,0.0,4,6,10,0.0,6,39.0,2017-07-23,2,56,2017-07-23 14:00:00,2017,21,2
3,5,0.0,5,14,5,0.0,5,37.0,2017-07-23,2,57,2017-07-23 14:15:00,2017,21,2
4,5,0.0,4,8,18,0.0,6,45.0,2017-07-23,2,58,2017-07-23 14:30:00,2017,22,2
3,7,0.0,2,7,12,0.45307632293234396,7,38.0,2017-07-23,2,59,2017-07-23 14:45:00,2017,22,2
1,5,0.0,3,10,13,0.45307632293234396,3,35.0,2017-07-23,2,60,2017-07-23 15:00:00,2017,23,2
3,8,0.0,0,7,12,0.45307632293234396,5,35.0,2017-07-23,2,61,2017-07-23 15:15:00,2017,23,2
1,10,0.0,3,10,12,0.45307632293234396,10,46.0,2017-07-23,2,62,2017-07-23 15:30:00,2017,23,2
4,16,0.0,3,10,11,0.45307632293234396,5,49.0,2017-07-23,2,63,2017-07-23 15:45:00,2017,23,2
6,8,0.0,1,8,14,0.45307632293234396,7,44.0,2017-07-23,2,64,2017-07-23 16:00:00,2017,22,2
3,4,0.5700661125189511,5,15,12,0.48323219975226767,6,45.0,2017-07-23,2,65,2017-07-23 16:15:00,2017,22,2
7,3,0.5700661125189511,2,19,13,0.48323219975226767,7,51.0,2017-07-23,2,66,2017-07-23 16:30:00,2017,23,2
7,7,0.5700661125189511,2,10,16,0.48323219975226767,8,50.0,2017-07-23,2,67,2017-07-23 16:45:00,2017,23,2
6,5,0.5700661125189511,3,3,21,0.48323219975226767,3,41.0,2017-07-23,2,68,2017-07-23 17:00:00,2017,23,2
2,3,0.5700661125189511,5,5,19,0.48323219975226767,1,35.0,2017-07-23,2,69,2017-07-23 17:15:00,2017,23,2
3,0,0.5700661125189511,8,5,19,0.8070736830606344,4,39.0,2017-07-23,2,70,2017-07-23 17:30:00,2017,23,2
1,2,0.6080705200202146,5,2,11,0.8070736830606344,2,23.0,2017-07-23,2,71,2017-07-23 17:45:00,2017,23,2
1,0,0.6080705200202146,6,4,15,0.8070736830606344,6,32.0,2017-07-23,2,72,2017-07-23 18:00:00,2017,22,2
4,4,0.6080705200202146,6,6,9,0.8070736830606344,5,34.0,2017-07-23,2,73,2017-07-23 18:15:00,2017,22,2
4,3,0.6080705200202146,1,11,18,0.8070736830606344,5,42.0,2017-07-23,2,74,2017-07-23 18:30:00,2017,22,2
0,2,0.6080705200202146,4,7,18,0.8070736830606344,2,33.0,2017-07-23,2,75,2017-07-23 18:45:00,2017,22,2
1,2,0.6080705200202146,6,6,12,0.6779472517676925,4,31.0,2017-07-23,2,76,2017-07-23 19:00:00,2017,22,2
2,3,0.5752592768889914,6,7,18,0.6779472517676925,3,39.0,2017-07-23,2,77,2017-07-23 19:15:00,2017,22,2
1,2,0.7947776680778615,11,5,18,0.6779472517676925,9,46.0,2017-07-23,2,78,2017-07-23 19:30:00,2017,22,2
3,0,0.7947776680778615,7,5,12,0.6779472517676925,5,32.0,2017-07-23,2,79,2017-07-23 19:45:00,2017,22,2
3,1,0.7947776680778615,7,5,11,0.6779472517676925,1,28.0,2017-07-23,2,80,2017-07-23 20:00:00,2017,21,3
3,0,0.7947776680778615,8,3,14,0.6779472517676925,4,32.0,2017-07-23,2,81,2017-07-23 20:15:00,2017,21,3
3,3,0.7947776680778615,11,6,15,0.6779472517676925,8,46.0,2017-07-23,2,82,2017-07-23 20:30:00,2017,21,3
5,2,0.9258800742851085,9,8,12,0.9245350418790841,8,44.0,2017-07-23,2,83,2017-07-23 20:45:00,2017,21,3
4,5,0.9258800742851085,0,5,4,0.9245350418790841,7,25.0,2017-07-23,2,84,2017-07-23 21:00:00,2017,20,3
1,3,0.9258800742851085,1,5,2,0.9245350418790841,2,14.0,2017-07-23,2,85,2017-07-23 21:15:00,2017,20,3
2,0,0.9258800742851085,0,2,1,0.9245350418790841,2,7.0,2017-07-23,2,86,2017-07-23 21:30:00,2017,20,3
0,0,0.9258800742851085,0,1,0,0.9245350418790841,1,2.0,2017-07-23,2,87,2017-07-23 21:45:00,2017,20,3
0,0,0.9258800742851085,0,0,0,0.9245350418790841,0,0.0,2017-07-23,2,88,2017-07-23 22:00:00,2017,20,3
0,0,0.9258800742851085,0,1,0,0.9245350418790841,0,1.0,2017-07-23,2,89,2017-07-23 22:15:00,2017,20,3
0,0,0.9258800742851085,0,1,0,0.9245350418790841,0,1.0,2017-07-23,2,90,2017-07-23 22:30:00,2017,19,3
0,0,0.9083908926041908,0,0,0,0.0,0,0.0,2017-07-23,2,91,2017-07-23 22:45:00,2017,19,3
0,0,0.9083908926041908,0,0,0,0.0,0,0.0,2017-07-23,2,92,2017-07-23 23:00:00,2017,19,3
0,0,0.0,0,0,0,0.0,0,0.0,2017-07-23,2,93,2017-07-23 23:15:00,2017,19,3
0,0,0.0,0,0,0,0.0,0,0.0,2017-07-23,2,94,2017-07-23 23:30:00,2017,19,3
0,0,0.0,0,0,0,0.0,0,0.0,2017-07-23,2,95,2017-07-23 23:45:00,2017,19,3
0,0,0.0,0,0,0,0.0,0,0.0,2018-07-20,0,0,2018-07-20 00:00:00,2018,18,3
0,0,0.0,0,0,0,0.0,0,0.0,2018-07-20,0,1,2018-07-20 00:15:00,2018,18,3
0,0,0.0,0,0,0,0.0,0,0.0,2018-07-20,0,2,2018-07-20 00:30:00,2018,18,3
0,0,0.0,0,0,0,0.0,0,0.0,2018-07-20,0,3,2018-07-20 00:45:00,2018,18,3
0,0,0.0,0,0,0,0.0,0,0.0,2018-07-20,0,4,2018-07-20 01:00:00,2018,18,3
0,0,0.0,0,0,0,0.0,0,0.0,2018-07-20,0,5,2018-07-20 01:15:00,2018,18,3
0,0,0.0,0,0,0,0.0,0,0.0,2018-07-20,0,6,2018-07-20 01:30:00,2018,18,3
0,0,0.0,0,0,0,0.0,0,0.0,2018-07-20,0,7,2018-07-20 01:45:00,2018,18,3
0,0,0.0,0,0,0,0.0,0,0.0,2018-07-20,0,8,2018-07-20 02:00:00,2018,18,3
0,0,0.0,0,0,0,0.0,0,0.0,2018-07-20,0,9,2018-07-20 02:15:00,2018,18,3
0,0,0.0,0,0,0,0.0,0,0.0,2018-07-20,0,10,2018-07-20 02:30:00,2018,18,3
0,0,0.0,0,0,0,0.0,0,0.0,2018-07-20,0,11,2018-07-20 02:45:00,2018,18,3
0,0,0.0,0,0,0,0.0,0,0.0,2018-07-20,0,12,2018-07-20 03:00:00,2018,18,3
0,0,0.0,0,0,0,0.0,0,0.0,2018-07-20,0,13,2018-07-20 03:15:00,2018,18,3
0,0,0.0,0,0,0,0.0,0,0.0,2018-07-20,0,14,2018-07-20 03:30:00,2018,18,3
0,0,0.0,0,0,0,0.0,0,0.0,2018-07-20,0,15,2018-07-20 03:45:00,2018,18,3
0,0,0.0,0,0,0,0.0,1,1.0,2018-07-20,0,16,2018-07-20 04:00:00,2018,18,3
0,0,0.0,0,0,0,0.0,0,0.0,2018-07-20,0,17,2018-07-20 04:15:00,2018,18,3
0,0,0.0,0,0,0,0.0,0,0.0,2018-07-20,0,18,2018-07-20 04:30:00,2018,18,3
0,0,0.0,0,0,0,0.0,0,0.0,2018-07-20,0,19,2018-07-20 04:45:00,2018,18,3
0,0,0.0,0,0,0,0.0,0,0.0,2018-07-20,0,20,2018-07-20 05:00:00,2018,15,3
0,0,0.0,0,0,0,0.0,0,0.0,2018-07-20,0,21,2018-07-20 05:15:00,2018,15,3
0,0,0.0,0,0,0,0.0,0,0.0,2018-07-20,0,22,2018-07-20 05:30:00,2018,15,3
0,0,0.0,0,0,0,0.0,1,1.0,2018-07-20,0,23,2018-07-20 05:45:00,2018,15,3
0,0,0.0,0,0,0,0.0,0,0.0,2018-07-20,0,24,2018-07-20 06:00:00,2018,14,3
0,0,0.0,0,0,0,0.0,0,0.0,2018-07-20,0,25,2018-07-20 06:15:00,2018,14,3
0,0,0.0,1,0,0,0.0,0,1.0,2018-07-20,0,26,2018-07-20 06:30:00,2018,13,3
0,1,0.0,0,0,0,0.0,0,1.0,2018-07-20,0,27,2018-07-20 06:45:00,2018,13,3
0,0,0.0,0,0,0,0.0,0,0.0,2018-07-20,0,28,2018-07-20 07:00:00,2018,14,3
0,0,0.0,0,0,0,0.0,0,0.0,2018-07-20,0,29,2018-07-20 07:15:00,2018,14,3
0,0,0.0,0,0,0,0.0,0,0.0,2018-07-20,0,30,2018-07-20 07:30:00,2018,17,2
0,0,0.0,0,0,1,0.0,0,1.0,2018-07-20,0,31,2018-07-20 07:45:00,2018,17,2
0,0,0.0,1,0,0,0.0,0,1.0,2018-07-20,0,32,2018-07-20 08:00:00,2018,19,3
0,0,0.0,0,0,1,0.0,0,1.0,2018-07-20,0,33,2018-07-20 08:15:00,2018,19,3
0,0,0.0,0,0,1,0.0,0,1.0,2018-07-20,0,34,2018-07-20 08:30:00,2018,19,2
0,0,0.0,0,0,1,0.0,0,1.0,2018-07-20,0,35,2018-07-20 08:45:00,2018,19,2
0,0,0.0,0,0,1,0.0,0,1.0,2018-07-20,0,36,2018-07-20 09:00:00,2018,19,2
0,0,0.0,0,0,1,0.0,0,1.0,2018-07-20,0,37,2018-07-20 09:15:00,2018,19,2
0,0,0.0,0,0,1,0.0,0,1.0,2018-07-20,0,38,2018-07-20 09:30:00,2018,21,3
0,0,0.0,0,0,1,0.0,0,1.0,2018-07-20,0,39,2018-07-20 09:45:00,2018,21,3
0,0,0.0,0,0,1,0.0,0,1.0,2018-07-20,0,40,2018-07-20 10:00:00,2018,21,3
0,0,0.0,0,0,0,0.0,0,0.0,2018-07-20,0,41,2018-07-20 10:15:00,2018,21,3
0,0,0.0,0,0,0,0.0,0,0.0,2018-07-20,0,42,2018-07-20 10:30:00,2018,23,2
0,0,0.0,0,0,0,0.0,0,0.0,2018-07-20,0,43,2018-07-20 10:45:00,2018,23,2
0,0,0.0,0,0,1,0.0,0,1.0,2018-07-20,0,44,2018-07-20 11:00:00,2018,24,2
0,0,0.0,0,0,1,0.0,0,1.0,2018-07-20,0,45,2018-07-20 11:15:00,2018,24,2
0,1,0.0,0,0,0,0.0,0,1.0,2018-07-20,0,46,2018-07-20 11:30:00,2018,25,3
2,0,0.0,0,0,0,0.0,0,2.0,2018-07-20,0,47,2018-07-20 11:45:00,2018,25,3
1,0,0.0,0,0,0,0.0,0,1.0,2018-07-20,0,48,2018-07-20 12:00:00,2018,26,3
0,0,0.0,0,0,0,0.0,0,0.0,2018-07-20,0,49,2018-07-20 12:15:00,2018,26,3
0,0,0.0,0,0,0,0.0,1,1.0,2018-07-20,0,50,2018-07-20 12:30:00,2018,27,2
1,0,0.0,1,0,0,0.0,0,2.0,2018-07-20,0,51,2018-07-20 12:45:00,2018,27,2
1,0,0.0,0,0,0,0.0,0,1.0,2018-07-20,0,52,2018-07-20 13:00:00,2018,28,2
1,0,0.0,1,0,0,0.0,0,2.0,2018-07-20,0,53,2018-07-20 13:15:00,2018,28,2
0,0,0.0,0,2,0,0.0,1,3.0,2018-07-20,0,54,2018-07-20 13:30:00,2018,29,2
2,0,0.0,0,2,0,0.0,1,5.0,2018-07-20,0,55,2018-07-20 13:45:00,2018,29,2
2,0,0.0,0,1,0,0.0,2,5.0,2018-07-20,0,56,2018-07-20 14:00:00,2018,29,2
2,0,0.0,1,2,1,0.0,1,7.0,2018-07-20,0,57,2018-07-20 14:15:00,2018,29,2
3,1,0.0,0,2,1,0.0,2,9.0,2018-07-20,0,58,2018-07-20 14:30:00,2018,30,3
4,1,0.0,1,0,2,0.0,3,11.0,2018-07-20,0,59,2018-07-20 14:45:00,2018,30,3
5,3,0.0,1,0,5,0.0,1,15.0,2018-07-20,0,60,2018-07-20 15:00:00,2018,30,3
2,2,0.0,7,1,7,0.0,1,20.0,2018-07-20,0,61,2018-07-20 15:15:00,2018,30,3
4,1,0.0,7,0,11,0.0,2,25.0,2018-07-20,0,62,2018-07-20 15:30:00,2018,31,3
4,1,0.5700661125189511,7,2,14,0.0,3,31.0,2018-07-20,0,63,2018-07-20 15:45:00,2018,31,3
5,1,0.5700661125189511,5,4,17,0.0,2,34.0,2018-07-20,0,64,2018-07-20 16:00:00,2018,30,2
7,2,0.5700661125189511,6,2,22,0.0,2,41.0,2018-07-20,0,65,2018-07-20 16:15:00,2018,30,2
10,4,0.5700661125189511,6,1,16,0.0,4,41.0,2018-07-20,0,66,2018-07-20 16:30:00,2018,30,1
7,3,0.5700661125189511,5,4,10,0.0,2,31.0,2018-07-20,0,67,2018-07-20 16:45:00,2018,30,1
9,4,0.5700661125189511,4,6,13,0.0,4,40.0,2018-07-20,0,68,2018-07-20 17:00:00,2018,29,2
1,3,0.5752592768889914,2,7,10,0.8260683093323896,4,27.0,2018-07-20,0,69,2018-07-20 17:15:00,2018,29,2
5,3,0.5752592768889914,2,5,15,0.8260683093323896,0,30.0,2018-07-20,0,70,2018-07-20 17:30:00,2018,29,2
2,7,0.5752592768889914,5,5,12,0.8260683093323896,4,35.0,2018-07-20,0,71,2018-07-20 17:45:00,2018,29,2
3,3,0.6136098953482574,2,6,10,0.8260683093323896,4,28.0,2018-07-20,0,72,2018-07-20 18:00:00,2018,30,2
4,3,0.6136098953482574,3,2,18,0.8260683093323896,1,31.0,2018-07-20,0,73,2018-07-20 18:15:00,2018,30,2
4,5,0.6136098953482574,6,4,12,0.8260683093323896,5,36.0,2018-07-20,0,74,2018-07-20 18:30:00,2018,30,2
5,1,0.5752592768889914,3,2,13,0.8260683093323896,7,31.0,2018-07-20,0,75,2018-07-20 18:45:00,2018,30,2
1,5,0.5752592768889914,1,0,14,0.7237807291667356,3,24.0,2018-07-20,0,76,2018-07-20 19:00:00,2018,29,3
2,3,0.5752592768889914,6,2,8,0.7237807291667356,0,21.0,2018-07-20,0,77,2018-07-20 19:15:00,2018,29,3
4,1,0.5752592768889914,3,4,7,0.7237807291667356,2,21.0,2018-07-20,0,78,2018-07-20 19:30:00,2018,29,3
5,1,0.5752592768889914,5,3,10,0.7237807291667356,4,28.0,2018-07-20,0,79,2018-07-20 19:45:00,2018,29,3
2,2,0.5752592768889914,4,1,13,0.7237807291667356,4,26.0,2018-07-20,0,80,2018-07-20 20:00:00,2018,28,3
4,2,0.5752592768889914,8,1,13,0.7237807291667356,0,28.0,2018-07-20,0,81,2018-07-20 20:15:00,2018,28,3
3,2,0.5752592768889914,7,3,10,0.7237807291667356,3,28.0,2018-07-20,0,82,2018-07-20 20:30:00,2018,26,3
2,4,0.5752592768889914,9,4,9,0.8280612863372757,5,33.0,2018-07-20,0,83,2018-07-20 20:45:00,2018,26,3
1,3,0.9136333518067837,6,2,9,0.8280612863372757,5,26.0,2018-07-20,0,84,2018-07-20 21:00:00,2018,24,3
3,2,0.9136333518067837,3,3,3,0.8280612863372757,3,17.0,2018-07-20,0,85,2018-07-20 21:15:00,2018,24,3
1,3,0.9136333518067837,4,3,6,0.8280612863372757,3,20.0,2018-07-20,0,86,2018-07-20 21:30:00,2018,23,3
2,0,0.9136333518067837,2,2,4,0.8280612863372757,5,15.0,2018-07-20,0,87,2018-07-20 21:45:00,2018,23,3
3,2,0.9136333518067837,0,2,4,0.8280612863372757,1,12.0,2018-07-20,0,88,2018-07-20 22:00:00,2018,23,2
0,0,0.6136098953482574,0,2,2,0.8280612863372757,2,6.0,2018-07-20,0,89,2018-07-20 22:15:00,2018,23,2
2,1,0.6136098953482574,0,1,1,0.8280612863372757,0,5.0,2018-07-20,0,90,2018-07-20 22:30:00,2018,22,2
0,0,0.6136098953482574,0,1,1,0.48323219975226767,1,3.0,2018-07-20,0,91,2018-07-20 22:45:00,2018,22,2
1,0,0.6136098953482574,2,1,0,0.48323219975226767,1,5.0,2018-07-20,0,92,2018-07-20 23:00:00,2018,21,2
0,0,0.6136098953482574,1,0,0,0.48323219975226767,0,1.0,2018-07-20,0,93,2018-07-20 23:15:00,2018,21,2
0,0,0.0,1,0,0,0.0,0,1.0,2018-07-20,0,94,2018-07-20 23:30:00,2018,21,3
0,0,0.0,1,0,1,0.0,0,2.0,2018-07-20,0,95,2018-07-20 23:45:00,2018,21,3
0,0,0.0,1,0,0,0.0,0,1.0,2018-07-21,1,0,2018-07-21 00:00:00,2018,21,3
0,0,0.0,1,0,0,0.0,0,1.0,2018-07-21,1,1,2018-07-21 00:15:00,2018,21,3
0,0,0.0,1,0,0,0.0,0,1.0,2018-07-21,1,2,2018-07-21 00:30:00,2018,21,2
0,0,0.0,1,0,0,0.0,0,1.0,2018-07-21,1,3,2018-07-21 00:45:00,2018,21,2
0,0,0.0,1,0,0,0.0,0,1.0,2018-07-21,1,4,2018-07-21 01:00:00,2018,20,2
0,0,0.0,1,0,0,0.0,0,1.0,2018-07-21,1,5,2018-07-21 01:15:00,2018,20,2
0,0,0.0,0,0,0,0.0,0,0.0,2018-07-21,1,6,2018-07-21 01:30:00,2018,21,2
0,0,0.0,1,0,0,0.0,0,1.0,2018-07-21,1,7,2018-07-21 01:45:00,2018,21,2
0,0,0.0,1,0,0,0.0,0,1.0,2018-07-21,1,8,2018-07-21 02:00:00,2018,21,2
0,0,0.0,1,0,0,0.0,0,1.0,2018-07-21,1,9,2018-07-21 02:15:00,2018,21,2
0,0,0.0,1,0,0,0.0,0,1.0,2018-07-21,1,10,2018-07-21 02:30:00,2018,21,2
0,0,0.0,1,0,0,0.0,0,1.0,2018-07-21,1,11,2018-07-21 02:45:00,2018,21,2
0,0,0.0,1,0,0,0.0,0,1.0,2018-07-21,1,12,2018-07-21 03:00:00,2018,20,2
0,0,0.0,1,0,0,0.0,0,1.0,2018-07-21,1,13,2018-07-21 03:15:00,2018,20,2
0,0,0.0,1,0,0,0.0,0,1.0,2018-07-21,1,14,2018-07-21 03:30:00,2018,20,1
0,0,0.0,1,0,0,0.0,0,1.0,2018-07-21,1,15,2018-07-21 03:45:00,2018,20,1
0,0,0.0,1,0,0,0.0,0,1.0,2018-07-21,1,16,2018-07-21 04:00:00,2018,19,1
0,0,0.0,1,0,0,0.0,0,1.0,2018-07-21,1,17,2018-07-21 04:15:00,2018,19,1
0,0,0.0,1,0,0,0.0,0,1.0,2018-07-21,1,18,2018-07-21 04:30:00,2018,19,1
0,0,0.0,1,0,0,0.0,0,1.0,2018-07-21,1,19,2018-07-21 04:45:00,2018,19,1
0,0,0.0,1,0,0,0.0,0,1.0,2018-07-21,1,20,2018-07-21 05:00:00,2018,19,1
0,0,0.0,1,0,0,0.0,0,1.0,2018-07-21,1,21,2018-07-21 05:15:00,2018,19,1
0,0,0.0,1,0,0,0.0,0,1.0,2018-07-21,1,22,2018-07-21 05:30:00,2018,18,3
0,0,0.0,1,0,0,0.0,0,1.0,2018-07-21,1,23,2018-07-21 05:45:00,2018,18,3
0,0,0.0,1,0,0,0.0,0,1.0,2018-07-21,1,24,2018-07-21 06:00:00,2018,18,3
0,0,0.0,1,0,0,0.0,0,1.0,2018-07-21,1,25,2018-07-21 06:15:00,2018,18,3
0,0,0.0,1,0,0,0.0,0,1.0,2018-07-21,1,26,2018-07-21 06:30:00,2018,18,2
0,0,0.0,1,0,0,0.0,0,1.0,2018-07-21,1,27,2018-07-21 06:45:00,2018,18,2
0,0,0.0,1,0,0,0.0,0,1.0,2018-07-21,1,28,2018-07-21 07:00:00,2018,18,1
0,0,0.0,1,0,0,0.0,0,1.0,2018-07-21,1,29,2018-07-21 07:15:00,2018,18,1
0,0,0.0,1,0,0,0.0,0,1.0,2018-07-21,1,30,2018-07-21 07:30:00,2018,18,3
0,0,0.0,1,0,0,0.0,0,1.0,2018-07-21,1,31,2018-07-21 07:45:00,2018,18,3
0,0,0.0,1,0,0,0.0,0,1.0,2018-07-21,1,32,2018-07-21 08:00:00,2018,19,3
0,0,0.0,1,0,0,0.0,0,1.0,2018-07-21,1,33,2018-07-21 08:15:00,2018,19,3
0,0,0.0,1,0,0,0.0,0,1.0,2018-07-21,1,34,2018-07-21 08:30:00,2018,19,3
0,0,0.0,0,0,0,0.0,0,0.0,2018-07-21,1,35,2018-07-21 08:45:00,2018,19,3
0,0,0.0,0,0,0,0.0,0,0.0,2018-07-21,1,36,2018-07-21 09:00:00,2018,19,2
0,0,0.0,0,0,0,0.0,0,0.0,2018-07-21,1,37,2018-07-21 09:15:00,2018,19,2
0,0,0.0,0,0,0,0.0,0,0.0,2018-07-21,1,38,2018-07-21 09:30:00,2018,20,1
0,0,0.0,1,0,0,0.0,0,1.0,2018-07-21,1,39,2018-07-21 09:45:00,2018,20,1
0,0,0.0,0,0,0,0.0,0,0.0,2018-07-21,1,40,2018-07-21 10:00:00,2018,20,2
0,1,0.0,1,0,0,0.0,0,2.0,2018-07-21,1,41,2018-07-21 10:15:00,2018,20,2
0,1,0.0,0,0,0,0.0,1,2.0,2018-07-21,1,42,2018-07-21 10:30:00,2018,21,2
2,0,0.0,0,0,2,0.0,0,4.0,2018-07-21,1,43,2018-07-21 10:45:00,2018,21,2
0,1,0.0,0,0,1,0.0,1,3.0,2018-07-21,1,44,2018-07-21 11:00:00,2018,21,2
0,0,0.0,0,1,3,0.0,1,5.0,2018-07-21,1,45,2018-07-21 11:15:00,2018,21,2
0,1,0.0,0,1,1,0.0,0,3.0,2018-07-21,1,46,2018-07-21 11:30:00,2018,21,1
0,1,0.0,0,1,1,0.0,0,3.0,2018-07-21,1,47,2018-07-21 11:45:00,2018,21,1
1,0,0.0,0,2,0,0.0,0,3.0,2018-07-21,1,48,2018-07-21 12:00:00,2018,22,2
1,0,0.0,1,0,1,0.0,0,3.0,2018-07-21,1,49,2018-07-21 12:15:00,2018,22,2
4,0,0.0,1,1,2,0.0,0,8.0,2018-07-21,1,50,2018-07-21 12:30:00,2018,21,1
0,0,0.0,1,0,2,0.45303018726775096,0,3.0,2018-07-21,1,51,2018-07-21 12:45:00,2018,21,1
1,0,0.0,0,0,2,0.45303018726775096,0,3.0,2018-07-21,1,52,2018-07-21 13:00:00,2018,18,1
1,1,0.5752592768889914,0,1,3,0.45303018726775096,1,7.0,2018-07-21,1,53,2018-07-21 13:15:00,2018,18,1
4,1,0.5752592768889914,1,1,2,0.45303018726775096,1,10.0,2018-07-21,1,54,2018-07-21 13:30:00,2018,19,1
3,1,0.5752592768889914,2,2,6,0.8360990652236385,1,15.0,2018-07-21,1,55,2018-07-21 13:45:00,2018,19,1
3,3,0.5752592768889914,1,3,4,0.8360990652236385,3,17.0,2018-07-21,1,56,2018-07-21 14:00:00,2018,20,1
3,5,0.5752592768889914,2,3,6,0.8360990652236385,0,19.0,2018-07-21,1,57,2018-07-21 14:15:00,2018,20,1
3,6,0.7670123691853219,1,3,6,0.8360990652236385,2,21.0,2018-07-21,1,58,2018-07-21 14:30:00,2018,20,1
6,3,0.7670123691853219,3,3,10,0.45303018726775096,2,27.0,2018-07-21,1,59,2018-07-21 14:45:00,2018,20,1
6,6,0.7670123691853219,2,2,10,0.45303018726775096,1,27.0,2018-07-21,1,60,2018-07-21 15:00:00,2018,21,1
2,2,0.7670123691853219,3,2,4,0.45303018726775096,0,13.0,2018-07-21,1,61,2018-07-21 15:15:00,2018,21,1
2,0,0.7670123691853219,2,1,1,0.45303018726775096,2,8.0,2018-07-21,1,62,2018-07-21 15:30:00,2018,21,1
3,2,0.5752592768889914,3,1,4,0.7383237731057034,1,14.0,2018-07-21,1,63,2018-07-21 15:45:00,2018,21,1
2,0,0.5752592768889914,3,2,2,0.7383237731057034,1,10.0,2018-07-21,1,64,2018-07-21 16:00:00,2018,21,1
3,1,0.5752592768889914,3,2,2,0.7383237731057034,1,12.0,2018-07-21,1,65,2018-07-21 16:15:00,2018,21,1
2,0,0.5752592768889914,3,1,4,0.7383237731057034,2,12.0,2018-07-21,1,66,2018-07-21 16:30:00,2018,21,1
1,1,0.5752592768889914,5,1,8,0.7383237731057034,1,17.0,2018-07-21,1,67,2018-07-21 16:45:00,2018,21,1
1,1,0.5752592768889914,2,0,4,0.7383237731057034,2,10.0,2018-07-21,1,68,2018-07-21 17:00:00,2018,21,1
0,5,0.6080705200202146,1,0,7,1.0,2,15.0,2018-07-21,1,69,2018-07-21 17:15:00,2018,21,1
1,4,0.6080705200202146,3,0,10,1.0,2,20.0,2018-07-21,1,70,2018-07-21 17:30:00,2018,21,2
1,1,0.6080705200202146,5,0,9,1.0,2,18.0,2018-07-21,1,71,2018-07-21 17:45:00,2018,21,2
5,0,0.6080705200202146,2,0,8,1.0,0,15.0,2018-07-21,1,72,2018-07-21 18:00:00,2018,22,1
0,2,0.8127578079173786,2,2,10,1.0,2,18.0,2018-07-21,1,73,2018-07-21 18:15:00,2018,22,1
0,0,0.8127578079173786,5,0,9,1.0,1,15.0,2018-07-21,1,74,2018-07-21 18:30:00,2018,21,0
1,0,0.8127578079173786,1,0,14,0.5110818637003591,1,17.0,2018-07-21,1,75,2018-07-21 18:45:00,2018,21,0
0,1,0.8127578079173786,3,0,8,0.5110818637003591,1,13.0,2018-07-21,1,76,2018-07-21 19:00:00,2018,22,1
1,1,0.8127578079173786,2,0,6,0.5110818637003591,0,10.0,2018-07-21,1,77,2018-07-21 19:15:00,2018,22,1
0,0,0.8127578079173786,3,0,4,0.5110818637003591,0,7.0,2018-07-21,1,78,2018-07-21 19:30:00,2018,21,2
0,0,0.8127578079173786,3,0,6,0.5110818637003591,1,10.0,2018-07-21,1,79,2018-07-21 19:45:00,2018,21,2
0,0,0.9229585068665468,2,1,8,0.5110818637003591,0,11.0,2018-07-21,1,80,2018-07-21 20:00:00,2018,21,2
0,0,0.9229585068665468,3,1,5,0.5110818637003591,1,10.0,2018-07-21,1,81,2018-07-21 20:15:00,2018,21,2
1,1,0.9229585068665468,3,1,7,0.5110818637003591,2,15.0,2018-07-21,1,82,2018-07-21 20:30:00,2018,21,2
4,0,0.9229585068665468,3,3,14,0.9592242868457866,2,26.0,2018-07-21,1,83,2018-07-21 20:45:00,2018,21,2
2,1,0.9229585068665468,5,3,9,0.9592242868457866,0,20.0,2018-07-21,1,84,2018-07-21 21:00:00,2018,21,2
4,3,0.9229585068665468,3,1,6,0.9592242868457866,2,19.0,2018-07-21,1,85,2018-07-21 21:15:00,2018,21,2
3,4,0.9229585068665468,2,2,4,0.9592242868457866,1,16.0,2018-07-21,1,86,2018-07-21 21:30:00,2018,20,3
1,5,0.9229585068665468,4,0,7,0.9592242868457866,0,17.0,2018-07-21,1,87,2018-07-21 21:45:00,2018,20,3
5,1,0.5700661125189511,2,1,5,0.9592242868457866,1,15.0,2018-07-21,1,88,2018-07-21 22:00:00,2018,19,3
3,0,0.5752592768889914,1,2,3,0.9592242868457866,0,9.0,2018-07-21,1,89,2018-07-21 22:15:00,2018,19,3
2,0,0.5752592768889914,2,0,2,0.9592242868457866,0,6.0,2018-07-21,1,90,2018-07-21 22:30:00,2018,20,2
1,0,0.5752592768889914,0,1,2,0.45303018726775096,0,4.0,2018-07-21,1,91,2018-07-21 22:45:00,2018,20,2
2,0,0.5752592768889914,0,0,3,0.45303018726775096,0,5.0,2018-07-21,1,92,2018-07-21 23:00:00,2018,20,2
0,1,0.5752592768889914,1,0,1,0.45303018726775096,1,4.0,2018-07-21,1,93,2018-07-21 23:15:00,2018,20,2
2,0,0.0,0,0,0,0.0,1,3.0,2018-07-21,1,94,2018-07-21 23:30:00,2018,19,2
0,0,0.0,0,0,0,0.0,0,0.0,2018-07-21,1,95,2018-07-21 23:45:00,2018,19,2
0,0,0.0,0,0,0,0.0,0,0.0,2018-07-22,2,0,2018-07-22 00:00:00,2018,19,3
0,0,0.0,0,0,0,0.0,0,0.0,2018-07-22,2,1,2018-07-22 00:15:00,2018,19,3
0,0,0.0,0,0,0,0.0,0,0.0,2018-07-22,2,2,2018-07-22 00:30:00,2018,19,3
0,0,0.0,0,0,0,0.0,0,0.0,2018-07-22,2,3,2018-07-22 00:45:00,2018,19,3
0,0,0.0,0,0,0,0.0,0,0.0,2018-07-22,2,4,2018-07-22 01:00:00,2018,19,3
0,0,0.0,0,0,0,0.0,0,0.0,2018-07-22,2,5,2018-07-22 01:15:00,2018,19,3
0,0,0.0,1,0,0,0.0,0,1.0,2018-07-22,2,6,2018-07-22 01:30:00,2018,19,3
0,0,0.0,0,0,0,0.0,0,0.0,2018-07-22,2,7,2018-07-22 01:45:00,2018,19,3
0,0,0.0,0,0,0,0.0,0,0.0,2018-07-22,2,8,2018-07-22 02:00:00,2018,19,2
0,0,0.0,0,0,0,0.0,0,0.0,2018-07-22,2,9,2018-07-22 02:15:00,2018,19,2
0,0,0.0,1,0,0,0.0,0,1.0,2018-07-22,2,10,2018-07-22 02:30:00,2018,19,1
0,0,0.0,0,0,0,0.0,0,0.0,2018-07-22,2,11,2018-07-22 02:45:00,2018,19,1
0,0,0.0,0,0,0,0.0,0,0.0,2018-07-22,2,12,2018-07-22 03:00:00,2018,19,1
0,0,0.0,0,0,0,0.0,0,0.0,2018-07-22,2,13,2018-07-22 03:15:00,2018,19,1
0,0,0.0,0,0,0,0.0,0,0.0,2018-07-22,2,14,2018-07-22 03:30:00,2018,19,1
0,0,0.0,0,0,0,0.0,0,0.0,2018-07-22,2,15,2018-07-22 03:45:00,2018,19,1
0,0,0.0,0,0,0,0.0,0,0.0,2018-07-22,2,16,2018-07-22 04:00:00,2018,19,1
0,0,0.0,0,0,0,0.0,0,0.0,2018-07-22,2,17,2018-07-22 04:15:00,2018,19,1
0,0,0.0,0,0,0,0.0,0,0.0,2018-07-22,2,18,2018-07-22 04:30:00,2018,19,1
0,0,0.0,0,0,0,0.0,0,0.0,2018-07-22,2,19,2018-07-22 04:45:00,2018,19,1
0,0,0.0,0,0,0,0.0,0,0.0,2018-07-22,2,20,2018-07-22 05:00:00,2018,18,3
0,0,0.0,0,0,0,0.0,0,0.0,2018-07-22,2,21,2018-07-22 05:15:00,2018,18,3
0,0,0.0,0,0,0,0.0,0,0.0,2018-07-22,2,22,2018-07-22 05:30:00,2018,18,3
0,0,0.0,0,0,0,0.0,0,0.0,2018-07-22,2,23,2018-07-22 05:45:00,2018,18,3
0,0,0.0,0,0,0,0.0,0,0.0,2018-07-22,2,24,2018-07-22 06:00:00,2018,18,3
0,0,0.0,0,0,0,0.0,0,0.0,2018-07-22,2,25,2018-07-22 06:15:00,2018,18,3
0,0,0.0,0,0,0,0.0,0,0.0,2018-07-22,2,26,2018-07-22 06:30:00,2018,18,3
0,0,0.0,0,0,0,0.0,1,1.0,2018-07-22,2,27,2018-07-22 06:45:00,2018,18,3
1,0,0.0,1,0,0,0.0,1,3.0,2018-07-22,2,28,2018-07-22 07:00:00,2018,18,3
2,0,0.0,1,0,2,0.0,1,6.0,2018-07-22,2,29,2018-07-22 07:15:00,2018,18,3
0,0,0.0,0,0,2,0.0,0,2.0,2018-07-22,2,30,2018-07-22 07:30:00,2018,19,3
0,0,0.0,0,0,6,0.0,2,8.0,2018-07-22,2,31,2018-07-22 07:45:00,2018,19,3
3,1,0.0,2,0,3,0.0,0,9.0,2018-07-22,2,32,2018-07-22 08:00:00,2018,19,3
2,1,0.0,1,0,1,0.0,0,5.0,2018-07-22,2,33,2018-07-22 08:15:00,2018,19,3
1,0,0.0,3,1,7,0.0,0,12.0,2018-07-22,2,34,2018-07-22 08:30:00,2018,20,3
1,0,0.0,2,1,8,0.0,0,12.0,2018-07-22,2,35,2018-07-22 08:45:00,2018,20,3
1,0,0.0,6,3,3,0.0,2,15.0,2018-07-22,2,36,2018-07-22 09:00:00,2018,20,3
0,0,0.0,1,1,6,0.0,1,9.0,2018-07-22,2,37,2018-07-22 09:15:00,2018,20,3
1,0,0.0,2,1,7,0.0,0,11.0,2018-07-22,2,38,2018-07-22 09:30:00,2018,20,3
2,0,0.0,0,2,8,0.0,1,13.0,2018-07-22,2,39,2018-07-22 09:45:00,2018,20,3
3,4,0.0,3,2,5,0.0,4,21.0,2018-07-22,2,40,2018-07-22 10:00:00,2018,21,2
2,2,0.0,1,2,4,0.45303018726775096,2,13.0,2018-07-22,2,41,2018-07-22 10:15:00,2018,21,2
2,1,0.0,3,3,2,0.45303018726775096,5,16.0,2018-07-22,2,42,2018-07-22 10:30:00,2018,21,1
2,3,0.0,1,3,1,0.45303018726775096,0,10.0,2018-07-22,2,43,2018-07-22 10:45:00,2018,21,1
3,1,0.0,4,3,3,0.45303018726775096,1,15.0,2018-07-22,2,44,2018-07-22 11:00:00,2018,22,2
2,1,0.0,2,1,0,0.45303018726775096,2,8.0,2018-07-22,2,45,2018-07-22 11:15:00,2018,22,2
1,2,0.0,0,1,1,0.45303018726775096,3,8.0,2018-07-22,2,46,2018-07-22 11:30:00,2018,22,2
1,3,0.5752592768889914,0,1,0,0.45303018726775096,6,11.0,2018-07-22,2,47,2018-07-22 11:45:00,2018,22,2
0,3,0.5752592768889914,1,1,0,0.45303018726775096,2,7.0,2018-07-22,2,48,2018-07-22 12:00:00,2018,23,1
1,4,0.5752592768889914,1,3,2,0.0,5,16.0,2018-07-22,2,49,2018-07-22 12:15:00,2018,23,1
1,4,0.5752592768889914,0,3,4,0.0,2,14.0,2018-07-22,2,50,2018-07-22 12:30:00,2018,23,1
1,4,0.5752592768889914,1,2,1,0.0,4,13.0,2018-07-22,2,51,2018-07-22 12:45:00,2018,23,1
0,4,0.5752592768889914,3,2,4,0.0,2,15.0,2018-07-22,2,52,2018-07-22 13:00:00,2018,24,2
3,3,0.5752592768889914,3,1,1,0.0,1,12.0,2018-07-22,2,53,2018-07-22 13:15:00,2018,24,2
4,3,0.5752592768889914,4,0,1,0.0,1,13.0,2018-07-22,2,54,2018-07-22 13:30:00,2018,24,3
4,0,0.5752592768889914,0,2,4,0.0,2,12.0,2018-07-22,2,55,2018-07-22 13:45:00,2018,24,3
4,0,0.5752592768889914,1,4,7,0.0,4,20.0,2018-07-22,2,56,2018-07-22 14:00:00,2018,24,3
3,2,0.5752592768889914,3,3,4,0.0,1,16.0,2018-07-22,2,57,2018-07-22 14:15:00,2018,24,3
3,3,0.5752592768889914,5,4,6,0.0,1,22.0,2018-07-22,2,58,2018-07-22 14:30:00,2018,26,3
3,4,0.7670123691853219,6,1,5,0.6177106242785427,0,19.0,2018-07-22,2,59,2018-07-22 14:45:00,2018,26,3
1,1,0.7670123691853219,3,1,6,0.6177106242785427,0,12.0,2018-07-22,2,60,2018-07-22 15:00:00,2018,27,1
3,2,0.7670123691853219,3,1,8,0.6177106242785427,1,18.0,2018-07-22,2,61,2018-07-22 15:15:00,2018,27,1
3,2,0.7670123691853219,3,1,9,0.6177106242785427,2,20.0,2018-07-22,2,62,2018-07-22 15:30:00,2018,20,0
5,1,0.7670123691853219,1,2,7,0.6177106242785427,1,17.0,2018-07-22,2,63,2018-07-22 15:45:00,2018,20,0
1,0,0.7670123691853219,2,2,4,0.6177106242785427,1,10.0,2018-07-22,2,64,2018-07-22 16:00:00,2018,22,1
2,0,0.5752592768889914,1,1,2,0.45303018726775096,1,7.0,2018-07-22,2,65,2018-07-22 16:15:00,2018,22,1
1,5,0.5752592768889914,3,0,6,0.45303018726775096,0,15.0,2018-07-22,2,66,2018-07-22 16:30:00,2018,22,1
2,1,0.5752592768889914,2,1,8,0.45303018726775096,2,16.0,2018-07-22,2,67,2018-07-22 16:45:00,2018,22,1
3,0,0.5752592768889914,1,1,4,0.45303018726775096,0,9.0,2018-07-22,2,68,2018-07-22 17:00:00,2018,24,1
1,1,0.5752592768889914,3,2,5,0.45303018726775096,5,17.0,2018-07-22,2,69,2018-07-22 17:15:00,2018,24,1
2,4,0.5752592768889914,3,1,4,0.8215731714041903,2,16.0,2018-07-22,2,70,2018-07-22 17:30:00,2018,25,1
1,1,0.5752592768889914,8,0,8,0.8215731714041903,2,20.0,2018-07-22,2,71,2018-07-22 17:45:00,2018,25,1
2,1,0.5752592768889914,7,0,5,0.8215731714041903,2,17.0,2018-07-22,2,72,2018-07-22 18:00:00,2018,24,1
0,1,0.5752592768889914,2,2,6,0.8215731714041903,2,13.0,2018-07-22,2,73,2018-07-22 18:15:00,2018,24,1
4,3,0.5752592768889914,3,0,6,0.8215731714041903,0,16.0,2018-07-22,2,74,2018-07-22 18:30:00,2018,24,2
2,3,0.5752592768889914,2,0,5,0.8215731714041903,0,12.0,2018-07-22,2,75,2018-07-22 18:45:00,2018,24,2
1,0,0.5752592768889914,7,1,5,0.8649096374201224,1,15.0,2018-07-22,2,76,2018-07-22 19:00:00,2018,24,1
0,0,0.5752592768889914,4,0,6,0.8649096374201224,2,12.0,2018-07-22,2,77,2018-07-22 19:15:00,2018,24,1
1,0,0.9035829483320096,4,0,4,0.8649096374201224,1,10.0,2018-07-22,2,78,2018-07-22 19:30:00,2018,23,0
1,0,0.9035829483320096,2,1,5,0.8649096374201224,0,9.0,2018-07-22,2,79,2018-07-22 19:45:00,2018,23,0
0,0,0.9035829483320096,5,1,1,0.8649096374201224,2,9.0,2018-07-22,2,80,2018-07-22 20:00:00,2018,19,0
0,1,0.9035829483320096,3,1,4,0.8649096374201224,1,10.0,2018-07-22,2,81,2018-07-22 20:15:00,2018,19,0
1,2,0.9035829483320096,2,0,5,0.8649096374201224,1,11.0,2018-07-22,2,82,2018-07-22 20:30:00,2018,20,1
0,1,1.0000000000000002,0,0,5,0.9602201423383161,0,6.0,2018-07-22,2,83,2018-07-22 20:45:00,2018,20,1
0,2,1.0000000000000002,3,1,2,0.9602201423383161,1,9.0,2018-07-22,2,84,2018-07-22 21:00:00,2018,20,1
0,0,1.0000000000000002,3,0,2,0.9602201423383161,0,5.0,2018-07-22,2,85,2018-07-22 21:15:00,2018,20,1
0,0,1.0000000000000002,0,1,0,0.9602201423383161,0,1.0,2018-07-22,2,86,2018-07-22 21:30:00,2018,19,1
0,0,1.0000000000000002,0,2,1,0.9602201423383161,0,3.0,2018-07-22,2,87,2018-07-22 21:45:00,2018,19,1
0,1,1.0000000000000002,0,0,0,0.9602201423383161,0,1.0,2018-07-22,2,88,2018-07-22 22:00:00,2018,18,1
0,0,1.0000000000000002,0,0,0,0.9602201423383161,2,2.0,2018-07-22,2,89,2018-07-22 22:15:00,2018,18,1
0,0,1.0000000000000002,0,0,0,0.9602201423383161,1,1.0,2018-07-22,2,90,2018-07-22 22:30:00,2018,18,1
0,0,0.5752592768889914,0,0,0,0.0,0,0.0,2018-07-22,2,91,2018-07-22 22:45:00,2018,18,1
0,0,0.5752592768889914,0,0,0,0.0,0,0.0,2018-07-22,2,92,2018-07-22 23:00:00,2018,18,1
0,0,0.5752592768889914,1,0,0,0.0,0,1.0,2018-07-22,2,93,2018-07-22 23:15:00,2018,18,1
0,0,0.0,0,0,0,0.0,0,0.0,2018-07-22,2,94,2018-07-22 23:30:00,2018,18,2
0,0,0.0,0,0,0,0.0,0,0.0,2018-07-22,2,95,2018-07-22 23:45:00,2018,18,2
